year,vintage,missing,extra,exact,flank
1999,v2000c,40,227,False,v2009
2000,v2000c,39,227,False,v2009
2001,v2000c,66,317,False,v2009
2002,v2000c,66,317,False,v2009
2003,v2000c,66,317,False,v2009
2004,v2008,272,83,False,v2009
2005,v2008,271,81,False,v2009
2006,v2008,272,82,False,v2009
2007,v2009,1,40,True,
2008,v2009,1,40,True,
2009,v2011,1,61,True,
2010,v2011,1,61,True,
2011,v2013,1,63,True,
2012,v2013,1,63,True,
2013,v2015,1,75,True,
2014,v2015,1,75,True,
2015,v2017,1,80,True,
2016,v2017,1,80,True,
2017,v2018,1,86,True,
2018,v2019,1,84,True,
2019,v2020,1,84,True,
2020,v2021,1,83,True,
2021,v2022,1,83,True,
2022,v2023,1,82,True,
2023,v2024,1,83,True,
2024,v2025,1,82,True,
