year,v2000c,v2008,v2009,v2010c,v2011,v2012,v2013,v2014,v2015,v2016,v2017,v2018,v2019,v2020,v2021,v2022,v2023,v2024,v2025
1999,40/227,566/162,564/160,738/222,738/222,844/248,844/248,923/285,923/285,984/326,984/326,1022/347,1040/354,1059/351,1076/356,1088/360,1122/382,1137/388,1154/392
2000,39/227,565/162,563/160,737/222,737/222,843/248,843/248,922/285,922/285,983/326,983/326,1021/347,1039/354,1058/351,1075/356,1087/360,1121/382,1136/388,1153/392
2001,66/317,472/132,470/130,644/192,644/192,750/218,750/218,830/256,830/256,891/297,891/297,929/318,947/325,966/322,983/327,995/331,1029/353,1044/359,1061/363
2002,66/317,472/132,470/130,644/192,644/192,750/218,750/218,830/256,830/256,891/297,891/297,929/318,947/325,966/322,983/327,995/331,1029/353,1044/359,1061/363
2003,66/317,472/132,470/130,644/192,644/192,750/218,750/218,830/256,830/256,891/297,891/297,929/318,947/325,966/322,983/327,995/331,1029/353,1044/359,1061/363
2004,119/521,272/83,273/84,450/149,450/149,557/176,557/176,637/214,637/214,698/255,698/255,739/279,757/286,776/283,793/288,805/292,839/314,854/320,871/324
2005,119/520,271/81,272/82,449/147,449/147,556/174,556/174,636/212,636/212,697/253,697/253,738/277,756/284,775/281,792/286,804/290,838/312,853/318,870/322
2006,117/518,272/82,269/79,446/144,446/144,553/171,553/171,633/209,633/209,694/250,694/250,735/274,753/281,772/278,789/283,801/287,835/309,850/315,867/319
2007,149/779,18/57,1/40,191/118,191/118,299/146,299/146,379/184,379/184,440/225,440/225,482/250,500/257,519/254,536/259,548/263,583/286,598/292,615/296
2008,149/779,18/57,1/40,191/118,191/118,299/146,299/146,379/184,379/184,440/225,440/225,482/250,500/257,519/254,536/259,548/263,583/286,598/292,615/296
2009,190/953,75/247,58/230,1/61,1/61,111/91,111/91,195/133,195/133,263/181,263/181,306/207,324/214,343/211,360/216,372/220,410/246,425/252,442/256
2010,190/953,75/247,58/230,1/61,1/61,111/91,111/91,195/133,195/133,263/181,263/181,306/207,324/214,343/211,360/216,372/220,410/246,425/252,442/256
2011,214/1059,101/355,84/338,29/171,29/171,1/63,1/63,86/106,86/106,154/154,154/154,197/180,215/187,234/184,252/190,264/194,302/220,317/226,334/230
2012,214/1059,101/355,84/338,29/171,29/171,1/63,1/63,86/106,86/106,154/154,154/154,197/180,215/187,234/184,252/190,264/194,302/220,317/226,334/230
2013,239/1138,127/435,110/418,59/255,59/255,32/148,32/148,1/75,1/75,69/123,69/123,112/149,130/156,149/153,167/159,179/163,217/189,232/195,249/199
2014,239/1138,127/435,110/418,59/255,59/255,32/148,32/148,1/75,1/75,69/123,69/123,112/149,130/156,149/153,167/159,179/163,217/189,232/195,249/199
2015,275/1199,163/496,146/479,102/323,102/323,75/216,75/216,44/143,44/143,1/80,1/80,44/106,62/113,87/116,105/122,117/126,155/152,170/158,187/162
2016,275/1199,163/496,146/479,102/323,102/323,75/216,75/216,44/143,44/143,1/80,1/80,44/106,62/113,87/116,105/122,117/126,155/152,170/158,187/162
2017,291/1238,182/538,165/521,122/366,122/366,95/259,95/259,64/186,64/186,21/123,21/123,1/86,19/93,46/98,64/104,76/108,114/134,129/140,146/144
2018,300/1256,191/556,174/539,131/384,131/384,104/277,104/277,73/204,73/204,30/141,30/141,10/104,1/84,28/89,46/95,58/99,96/125,111/131,128/135
2019,297/1275,188/575,171/558,128/403,128/403,101/296,101/296,70/223,70/223,33/166,33/166,15/131,6/111,1/84,20/91,32/95,70/121,85/127,102/131
2020,301/1290,194/592,177/575,134/420,134/420,108/314,108/314,77/241,77/241,40/184,40/184,22/149,13/129,9/103,1/83,13/87,51/113,66/119,83/123
2021,305/1302,198/604,181/587,138/432,138/432,112/326,112/326,81/253,81/253,44/196,44/196,26/161,17/141,13/115,5/95,1/83,39/109,54/115,71/119
2022,327/1335,221/638,205/622,165/470,165/470,139/364,139/364,108/291,108/291,71/234,71/234,53/199,44/179,40/153,32/133,28/121,1/82,16/88,34/93
2023,332/1350,226/653,210/637,170/485,170/485,144/379,144/379,113/306,113/306,76/249,76/249,58/214,49/194,45/168,37/148,33/136,6/97,1/83,19/88
2024,336/1366,231/670,215/654,175/502,175/502,149/396,149/396,118/323,118/323,81/266,81/266,63/231,54/211,50/185,42/165,38/153,12/115,7/101,1/82
