year,delta,mississippi,us
1990,101004.25,1175008.5833333333,125914154.75
1991,101660.66666666667,1182201.25,126657513.16666667
1992,101896.66666666667,1191873.9166666667,128604562.08333333
1993,103116.41666666666,1211579.9166666667,129869120.25
1994,106271.5,1242806.9166666667,131887500.83333333
1995,104847.33333333333,1252832.25,133456166.33333333
1996,103260.41666666667,1260616.25,135376003.91666666
1997,102007.83333333334,1270115.75,137697722.75
1998,99063.25,1273094.1666666667,139322056.66666666
1999,98665.41666666667,1281148.75,140965112.0
2000,96115.91666666667,1308406.75,142577576.41666666
2001,92615.75,1294110.5,143860715.5
2002,94312.25,1291916.6666666667,144975249.91666666
2003,95026.5,1307387.3333333333,145864563.58333334
2004,92706.16666666667,1319276.0,146986803.83333334
2005,91343.75,1322098.8333333333,148960761.54166666
2006,88856.83333333334,1286827.6666666667,151108167.5
2007,88349.83333333333,1300647.9166666667,152660593.83333334
2008,87236.0,1301983.5833333333,154296253.08333334
2009,84569.0,1275677.0833333333,154437447.16666666
2010,82400.66666666666,1312769.9166666667,154434129.33333334
2011,82751.83333333333,1346783.25,154595902.41666666
2012,79581.33333333334,1331112.0,155183312.58333334
2013,75643.08333333333,1275985.25,155573230.5
2014,72672.83333333334,1246611.75,156207747.91666666
2015,71603.83333333334,1259839.0833333333,157171279.25
2016,73531.83333333334,1269290.5833333333,159071829.83333334
2017,71489.08333333333,1271333.75,160673157.25
2018,69775.5,1267613.1666666667,161955191.16666666
2019,67813.33333333334,1279171.5833333335,163715670.08333334
2020,66962.16666666667,1247594.3333333333,161126298.25
2021,65640.08333333333,1261757.75,162250419.66666666
2022,62909.333333333336,1260986.9166666667,165091573.08333334
2023,61184.416666666664,1250897.0,167932716.41666666
2024,61412.0,1274773.1666666667,169954353.33333334
2025,61828.181818181816,1295611.3636363635,170867774.45454547
