geoid,name,years_30plus,min,max,r2024
2800185,West Bolivar Consolidated School District,20,40.415549597855225,60.20469596628537,52.93577981651376
2800186,North Bolivar Consolidated School District,20,42.84386617100372,61.16248348745046,46.78111587982833
2800187,Sunflower County Consolidated School District,20,38.44208396560445,60.466269841269835,40.89544089544089
2800198,Greenwood-Leflore Consolidated School District,20,34.224977856510186,62.99238662694472,40.82647790319495
2800750,Cleveland School District,20,31.761535870663522,50.01512859304085,44.97622820919176
2801620,Greenville Public School District,20,41.8059558117195,56.93653376729048,50.59190031152648
2801890,Hollandale School District,20,36.16298811544992,58.88568683957733,36.16298811544992
2802040,Humphreys County School District,20,43.317340644276904,62.15139442231076,48.92966360856269
2802610,Leland School District,20,30.501089324618736,55.115830115830114,31.542056074766357
2803810,Quitman County School District,20,39.22227556409025,56.71852899575672,43.275488069414315
2803960,South Delta School District,20,42.1760391198044,55.45361875637105,49.916247906197654
2804290,Tunica County School District,20,34.63302752293578,47.87735849056604,38.93465129049973
2804680,Western Line School District,17,27.79532533164877,50.097719869706836,30.89851325145443
