geoid,kids24,k0,k1,r0,r1,chg,name
4816230,180441.0,191767.33333333334,180381.33333333334,28.175462626585688,21.004021110831868,-7.17144151575382,Dallas Independent School District
4218990,235636.0,262185.6666666667,235635.66666666666,31.993739805252513,26.72642936058067,-5.267310444671843,Philadelphia City School District
0634320,128241.0,158451.0,128788.33333333333,17.668553685366454,12.422967918936756,-5.2455857664296985,San Diego City Unified School District
0622710,643249.0,860381.6666666666,647925.6666666666,24.845136557612996,20.077303106271966,-4.76783345134103,Los Angeles Unified School District
1200390,408605.0,403090.3333333333,394258.6666666667,19.337270140439983,15.945791933552929,-3.3914782068870544,Dade County School District
3620580,1205433.0,1357255.6666666667,1200127.0,26.92212005254721,23.759068831881958,-3.1630512206652526,New York City Department Of Education
4823640,246648.0,268619.3333333333,242242.66666666666,29.29101653144847,27.296044737508392,-1.9949717939400777,Houston Independent School District
3704720,205079.0,141881.0,202685.33333333334,10.259771686601212,8.442150065125581,-1.8176216214756309,Wake County Schools
1200870,247570.0,204379.66666666666,243493.33333333334,15.469901604693225,14.012156390318694,-1.4577452143745315,Hillsborough County School District
4833120,125043.0,76429.66666666667,124289.0,15.179533252794508,14.341843070049107,-0.8376901827454013,Northside Independent School District
3702970,192923.0,150219.0,188595.0,14.251637054345101,13.798350963705294,-0.45328609063980707,Charlotte-Mecklenburg Schools
1201440,237340.0,184734.66666666666,230705.66666666666,15.121327164726345,15.001365376085257,-0.11996178864108842,Orange County School District
1201500,217908.0,193691.0,212473.0,13.712046507065377,13.746530931773291,0.03448442470791413,Palm Beach County School District
1200480,168793.0,154197.33333333334,165585.0,16.1574346292197,16.236977987136516,0.07954335791681544,Duval County School District
1500030,216723.0,207095.0,216803.33333333334,10.207553699187974,11.061484294521916,0.8539305953339422,Hawaii Department of Education
5101260,194370.0,179664.0,193260.33333333334,5.240894113456229,6.1442165231354595,0.9033224096792303,Fairfax County Public Schools
2102990,127446.0,121171.0,124344.0,17.529221788491746,18.977728452250744,1.448506663758998,Jefferson County School District
1200180,307085.0,306814.0,300474.3333333333,13.473852779425536,15.18942827063432,1.7155754912087833,Broward County School District
1201590,138142.0,95966.0,133344.0,17.247080563255043,19.079223662107033,1.83214309885199,Polk County School District
3200060,387031.0,325161.3333333333,385243.3333333333,13.698123188078943,15.816496932674587,2.118373744595644,Clark County School District
2400480,183114.0,162847.0,179952.66666666666,5.227401589631167,7.937272393851717,2.7098708042205493,Montgomery County Public Schools
1302550,190460.0,147458.66666666666,190145.66666666666,9.274237300396043,12.238336573539234,2.9640992731431908,Gwinnett County School District
2400510,154205.0,154046.33333333334,151288.33333333334,9.264095867260716,12.280303614510922,3.0162077472502062,Prince George's County Public Schools
2400120,136435.0,130301.33333333333,135306.33333333334,7.970243333401552,11.108127483561992,3.13788415016044,Baltimore County Public Schools
4816110,130101.0,72411.0,127779.33333333333,11.890458631975806,16.08241290975588,4.191954277780075,Cypress-Fairbanks Independent School District
