county,high,hi_rate,hi_kids,hi_share,low,lo_rate,lo_kids,lo_share,gap
"Wayne County, MI",Hamtramck Public Schools,52.3,6494,1.0,Grosse Ile Township Schools,3.9,1786,1.0,48.3
"Muskegon County, MI",Muskegon Heights School District,57.0,1998,1.0,Mona Shores Public School District,11.1,3785,1.0,45.8
"Mahoning County, OH",Youngstown City School District,50.0,9624,1.0,Canfield Local School District,5.4,3150,1.0,44.6
"Genesee County, MI",Beecher Community School District,50.5,1645,1.0,Lake Fenton Community Schools,6.9,1925,1.0,43.6
"Cuyahoga County, OH",East Cleveland City School District,43.8,2393,1.0,Bay Village City School District,2.6,2941,1.0,41.3
"Lake County, IN",Gary Community School Corporation,40.5,12356,1.0,Hanover Community School Corporation,4.1,3125,1.0,36.5
"Cambria County, PA",Greater Johnstown School District,45.3,3612,1.0,Richland School District,8.9,1705,1.0,36.4
"Cook County, IL",Harvey School District 152,37.2,1693,1.0,Western Springs School District 101,1.0,1740,1.0,36.2
"Saginaw County, MI",Saginaw City School District,39.6,9490,1.0,Frankenmuth School District,3.6,1433,0.96,36.0
"Camden County, NJ",Camden City School District,36.8,15070,1.0,Haddonfield Borough School District,1.8,2946,1.0,35.0
"Orange County, NY",Kiryas Joel Village Union Free School District,38.7,12417,1.0,Cornwall Central School District,3.7,3283,1.0,34.9
"Montgomery County, OH",Northridge Local School District,37.1,1544,1.0,Oakwood City School District,2.2,2313,1.0,34.9
