year,share_kids_30,districts_30_500,share_poor_kids_30,national_rate
2005,8.154435523927628,693,17.72470003994789,16.47014810005721
2006,6.993088637721314,676,15.296103645875366,16.317025490677985
2007,7.177783980807937,641,15.935978288215374,15.98280766790319
2008,6.461613231458803,636,14.105846198337352,16.149637613603122
2009,10.072862107224841,908,20.08675642421834,17.85663568805526
2010,14.280304013932682,1214,26.60609253748059,19.41602811815115
2011,16.132465164996557,1364,29.106304609881942,20.412756874616306
2012,20.481202977290472,1424,35.64181614627877,20.633673546991783
2013,19.689074925167244,1405,34.54140360720843,20.3987534386988
2014,16.719386444165167,1217,30.221931676225562,19.949818997096084
2015,13.334788724035796,1125,25.628586249301808,19.06424978017937
2016,11.488722936111582,951,23.029764805105707,17.96180094930728
2017,8.956198128627971,846,18.703070639477797,16.978544008519098
2018,9.64343863909114,810,20.449801290803475,16.663762362343345
2019,6.43513502790778,610,14.635403000104015,15.447743037243114
2020,4.307212181454384,426,10.295194831974541,14.570650437642465
2021,6.576503952923539,580,14.482802544082865,15.776663222643192
2022,5.180160820532028,532,12.294878863380749,15.166518279517316
2023,4.77319591007153,482,11.284351568981313,14.983311362504248
2024,4.287150802849609,444,10.487635908833719,14.415748492688518
